ma_golf_courses,,,,,,,,,,,,,,,,,,,,,,,,
name,address,city,state,zip,region,club_type,holes,par,course_rating,slope_rating,yardage,architect,description,price_min,price_max,price_tier,website_url,booking_url,lat,lng,photo_url,has_driving_range,has_practice_green,is_published
Acoaxet Club,152 Howland Road,Westport,MA,2790,South Shore,private,9,,,,,Larry Macdonald,,,,,https://www.acoaxet.com/,,41.6114,-71.0818,,,,FALSE
Acushnet River Valley Golf Course,685 Main Street,Acushnet,MA,2743,South Shore,public,18,,,,,"Geoffrey S. Cornish, Brian Silva and Mark Mungeam",,,,,https://www.golfacushnet.com/,https://www.golfacushnet.com/golf/tee-times,41.7138,-70.8994,,,,FALSE
Agawam Municipal Golf Course,128 Southwick St.,Feeding Hills,MA,1030,Greater Springfield,public,18,,,,,Richard Leao,,,,,https://www.agawamgolfcourse.com/,https://www.agawamgolfcourse.com/tee-times/,42.0705,-72.6752,,,,FALSE
Allendale Country Club,1047 Allen St,North Dartmouth,MA,2747,South Shore,public,18,,,,,Geoffrey Cornish,,,,,https://allendalecc.net/,https://apimanager-cc29.clubcaddie.com/webapi/view/cbfdabab/slots?date=05%2F25%2F2026&player=1&ratetype=any&Interaction=ghq7com3k63t43n3vo9blf411b,41.6526,-71.0097,,,,FALSE
Amesbury Golf & Country Club,46 Monroe St,Amesbury,MA,1913,North Shore,public,9,,,,,Wayne Stiles,Call for your tee time today - 978-388-5153,,,,https://www.amesburycountryclub.com/,,42.8532,-70.9518,,,,FALSE
Amherst Golf Club,365 South Pleasant Street,Amherst,MA,1002,Greater Springfield,public,9,,,,,Walter Hatch,,,,,https://amherstgolfclub.org/,https://www.chronogolf.com/club/19528/widget,42.3729,-72.4509,,,,FALSE
Andover Country Club,60 Canterbury Street,Andover,MA,1810,North Shore,private,18,72,,,,Donald Ross,,,,,https://www.andovercountryclub.com/,,42.6496,-71.166,,,,FALSE
Atlantic Country Club,450 Little Sandy Pond Rd.,Plymouth,MA,2360,South Shore,public,18,72,,,,"Geoffrey Cornish, Brian Silva, Mark Mungeam",,,,,https://atlanticcountryclub.net/,https://foreupsoftware.com/index.php/booking/22592?_gl=1*707wdz*_ga*MTkxNDc1MDQ1NS4xNzc5NjgyNTQ4*_ga_WQPLP348DP*czE3Nzk3MjY0ODMkbzIkZzAkdDE3Nzk3MjY0ODMkajYwJGwwJGgw#/teetimes,41.8734,-70.6397,,,,FALSE
Bas Ridge Golf Course,151 Plunkett Street,Hinsdale,MA,1235,Berkshires,public,18,70,,,,Rowland Armacost,,,,,http://www.basridge.com/,,42.3959,-73.0763,,,,FALSE
Bass River Golf Course,62 Highbank Road,South Yarmouth,MA,2664,Cape Cod,public,18,,,,,Donald Ross,,,,,https://www.golfyarmouth.com/bass-river,https://yarmouthpublic.cps.golf/onlineresweb/search-teetime?TeeOffTimeMin=0&TeeOffTimeMax=23.999722222222225,41.6711,-70.1937,,,,FALSE
Bass Rocks Golf Club,34 Beach Road,Gloucester,MA,1930,North Shore,private,18,,,,,Herbert Leeds,,,,,https://www.bassrocksgolfclub.org/,,42.631,-70.6834,,,,FALSE
Bayberry Hills Golf Course,635 West Yarmouth Road,West Yarmouth,MA,2673,Cape Cod,public,27,,,,,"Geoffrey Cornish, Brian Silva, Timothy Gerrish",,,,,https://www.golfyarmouth.com/,https://www.golfyarmouth.com/contact-us-/book-now,41.6486,-70.2415,,,,FALSE
Bear Hill Golf Club,2 North Street,Stoneham,MA,2180,Greater Boston,private,9,,,,,Alexander H. Findlay,,,,,https://bearhillgolfclub.com/,,42.4731,-71.0971,,,,FALSE
Bedfordshire Golf Club,4 Mitchell Grant Way,Bedford,MA,1730,Greater Boston,private,9,,,,,Cameron Sinclair,Potentially Closed,,,,,,42.4999,-71.2753,,,,FALSE
Bedrock Golf Club,87 Barre Paxton Road,Rutland,MA,1543,Greater Worcester,public,9,,,,,"Bill Greene, Joe Carr",,,,,https://www.bedrockgolfclub.com/,https://bedrock-golf-club.book.teeitup.com/?course=13256&date=2026-05-25&max=999999,42.3831,-71.9616,,,,FALSE
Bellevue Golf Club,320 Porter Street,Melrose,MA,2176,Greater Boston,private,9,,,,,Wayne Stiles & John Van Kleek,,,,,https://bellevuegolfclub.com/,,42.4576,-71.0542,,,,FALSE
Belmont Country Club,181 Winter Street,Belmont,MA,2478,Greater Boston,private,18,,,,,Donald Ross,,,,,https://www.belmontcc.org/,,42.3955,-71.1821,,,,FALSE
Berkshire Hills Country Club,500 Benedict Rd,Pittsfield,MA,1201,Berkshires,private,18,,,,,A.W. Tillinghast,,,,,https://berkshirehillscc.com/,,42.4665,-73.2894,,,,FALSE
Berlin Country Club,25 Carr Rd,Berlin,MA,1503,Greater Worcester,public,9,,,,,,,,,,https://www.berlincountryclub.com/,https://www.berlincountryclub.com/tee-times/,42.3842,-71.6294,,,,FALSE
Beverly Golf & Tennis Club,134 Mckay Street,Beverly,MA,1915,North Shore,public,18,,,,,Skip Wogan,,,,,https://beverlygolfandtennis.com/,https://beverlygolf.cps.golf/onlineresweb/search-teetime?TeeOffTimeMin=0&TeeOffTimeMax=23.999722222222225,42.5678,-70.8581,,,,FALSE
Black Rock Country Club,19 Clubhouse Drive,Hingham,MA,2043,South Shore,private,18,,,,,Brian Silva,,,,,https://www.blackrockcountryclub.com/,,42.2158,-70.8792,,,,FALSE
Black Swan Country Club,258 Andover St,Georgetown,MA,1833,North Shore,public,18,,,,,Philip Wogan,Reservations can be made up to 7 days in advance. A credit card is required to hold your reservation,,,,https://www.blackswancountryclub.com/,https://www.blackswancountryclub.com/golf/tee-times,42.7238,-70.9782,,,,FALSE
Blackstone National Golf Club,227 Putnam Hill Rd.,Sutton,MA,1590,Greater Worcester,public,18,72,,,,"Michael Maurer, Rees Jones",,,,,https://www.bngc.net/,https://www.chronogolf.com/club/blackstone-national-golf-club-massachusetts-sutton,42.1354,-71.7558,,,,FALSE
Blandford Country Club,17 North Street,Blandford,MA,1008,Berkshires,public,9,,,,,William Dexter,"For Tee Times or questions, please contact us at: 413-848-2443",,,,https://www.blandfordcountryclub.com/,,42.187,-72.9561,,,,FALSE
Blissful Meadows Golf Course,801 Chocolog Road,Uxbridge,MA,1569,Greater Worcester,public,18,,,,,"Geoffrey S. Cornish, Brian Silva",,,,,https://www.blissfulmeadows.com/,https://blissfulmeadows.cps.golf/,42.0625,-71.6437,,,,FALSE
Blue Hill Country Club,23 Pecunit Street,Blue Hill,ME,2021,Greater Boston,private,27,,,,,"Skip Wogan, Phil Wogan",,,,,https://www.bluehillcc.com/,,42.1827,-71.1221,,,,FALSE
Blue Rock Golf Course,48 Todd Road,South Yarmouth,MA,2664,Cape Cod,public,18,,,,,Geoffrey Cornish,,,,,https://bluerockgolfcourse.com/,https://www.chronogolf.com/club/blue-rock-golf-course?date=2026-05-25,41.6711,-70.1937,,,,FALSE
Boston Golf Club,19 Old County Road,Hingham,MA,2043,South Shore,private,18,,,,,Gil Hanse,,,,,https://bostongolfclub.org/,,42.2158,-70.8792,,,,FALSE
Bradford Country Club,201 Chadwick Road,Bradford,MA,1835,North Shore,public,18,,,,,"Geoffrey Cornish, Brian Silva",,,,,https://bradfordcc.com/,https://foreupsoftware.com/index.php/booking/index/18983#teetimes,42.7535,-71.0867,,,,FALSE
Brae Burn Country Club,326 Fuller Street,West Newton,MA,2465,Greater Boston,private,27,,,,,Donald Ross,,,,,https://www.braeburngolf.com/,,42.3504,-71.2256,,,,FALSE
Braintree Municipal GC,101 Jeffereson St,Braintree,MA,2184,Greater Boston,public,18,,,,,Sam Mitchell,,,,,https://www.braintreegolf.com/,https://www.braintreegolf.com/book-tee-times/,42.2034,-71.0048,,,,FALSE
Brockton Country Club,265 Samuel Avenue,Brockton,MA,2301,South Shore,private,9,36,,,,Alexander H. Findlay,,,,,https://www.brocktoncc.com/,,42.0785,-71.0384,,,,FALSE
Brookline Golf Course,1281 West Roxbury Parkway,Brookline,MA,2467,Greater Boston,public,18,,,,,"John Van Kleek, Wayne Stiles",,,,,https://www.brooklinegolf.com/,https://foreupsoftware.com/index.php/booking/19865/2748#/teetimes,42.3188,-71.157,,,,FALSE
Brookmeadow Country Club,100 Everendon Rd,Canton,MA,2021,Greater Boston,public,18,,,,,Samuel Mitchell,,,,,https://www.brookmeadowgolf.com/,https://app.whoosh.io/patron/club/brookmeadow-country-club/agenda/golf-course/2026-05-25,42.1827,-71.1221,,,,FALSE
Butter Brook Golf Club,157 Carlisle Road,Westford,MA,1886,Greater Worcester,public,18,,,,,"Geoffrey Cornish, Brian Silva, Mark Mungeam",,,,,https://www.butterbrookgc.com/,https://butterbrook.cps.golf/,42.589,-71.4417,,,,FALSE
Butternut Farm Golf Club,115 Wheeler Rd.,Stow,MA,1775,Greater Boston,public,18,,,,,Robert Page III,,,,,https://www.butternutfarm.com/,https://butternut-farm-golf-club.book.teeitup.com/?course=17036&date=2026-05-25&max=999999,42.4299,-71.5036,,,,FALSE
Cape Ann Golf Club,99 John Wise Ave.,Essex,MA,1929,North Shore,public,9,,,,,Eugene Skip Wogen,,,,,https://www.capeanngolf.com/,https://capeann.quick18.com/teetimes/searchmatrix,42.6323,-70.7784,,,,FALSE
Cape Cod Country Club,48 Theater Drive,East Falmouth,MA,2536,Cape Cod,public,18,,,,,"Devereux Emmet, Alfred H. Tull",,,,,https://capecodcountryclub.com/,https://capecodcountryclub.com/,41.5997,-70.5623,,,,FALSE
Cape Cod National Golf Club,174 South Orleans Rd.,Brewster,MA,2631,Cape Cod,private,18,,,,,"Geoffrey Cornish, Brian Silva, Mark Mungeam",,,,,https://www.ccngolf.org/,,41.7469,-70.0695,,,,FALSE
Captains Golf Course,1000 Freemans Highway,Brewster,MA,2631,Cape Cod,public,36,,,,,Brian Silva,,,,,https://www.captainsgolfcourse.com/,https://captain.chelseareservations.com/,41.7469,-70.0695,,,,FALSE
Cedar Hill Golf Course,1137 Park St,Stoughton,MA,2072,Greater Boston,public,9,,,,,"Robert Graves, Damian Pascuzzo",No Tee Times,,,,https://www.cedarhillgolfcourse.com/,,42.1186,-71.1033,,,,FALSE
Charles River Country Club,483 Dedham Street,Newton Center,MA,2459,Greater Boston,private,18,,,,,Donald Ross,,,,,https://www.charlesrivercc.org/,,42.3122,-71.1947,,,,FALSE
Charter Oak Country Club,15 Brent Drive,Hudson,MA,1749,Greater Worcester,private,18,,,,,Robert Trent Jones Jr.,,,,,https://www.charteroakcc.com/,,42.3891,-71.5388,,,,FALSE
Chatham Seaside Links,209 Seaview Street,Chatham,MA,2633,Cape Cod,public,9,,,,,,,,,,https://www.chathamseasidelinks.com/,https://apimanager-cc31.clubcaddie.com/webapi/view/fjedabab/slots?date=05%2F25%2F2026&player=1&ratetype=any&Interaction=6jornnb1b57jehnc9g9fcefdac,41.6889,-69.9799,,,,FALSE
Chelmsford Country Club,66 Park Road,Chelmsford,MA,1824,North Shore,public,9,,,,,Brian Silva,,,,,https://www.chelmsfordcountryclub.com/,https://chelmsford-country-club.book.teeitup.golf/?course=5723&date=2026-05-25&max=999999,42.5878,-71.3518,,,,FALSE
Chequessett Club,680 Chequessett Neck Road,Wellfleet,MA,2667,Cape Cod,public,9,,,,,Geoffrey Cornish,Course Under Construction,,,,https://chequessettclub.com/,,41.9339,-70.0188,,,,FALSE
Cherry Hill Golf Course,323 Montague Road,Amherst,MA,1002,Greater Springfield,public,9,,,,,Dave Maxon,,,,,https://www.amherstma.gov/373/Cherry-Hill-Golf-Course,https://book.squareup.com/appointments/muw9cyio3ah9jc/location/5GB4T2TB6E07D/services,42.3729,-72.4509,,,,FALSE
Chicopee Country Club,1290 Burnett Road,Chicopee,MA,1020,Greater Springfield,public,18,,,,,"Brian Silva, Geoffrey S. Cornish",,,,,https://www.chicopeecountryclub.com/,https://www.chicopeecountryclub.com/,42.1776,-72.5626,,,,FALSE
Cohasse Country Club,383 Eastford Road,Southbridge,MA,1550,Greater Worcester,public,9,,,,,Donald Ross,,,,,https://www.cohasse.com/,https://www.cohasse.com/,42.0676,-72.044,,,,FALSE
Cohasset Golf Club,175 Lamberts Lane,Cohasset,MA,2025,South Shore,private,18,,,,,Donald Ross,,,,,https://www.cohassetgc.org/,,42.2328,-70.8159,,,,FALSE
Cold Spring Country Club,330 Chauncey Walker Street,Belchertown,MA,1007,Greater Springfield,public,18,,,,,Mary Armstrong,,,,,https://www.coldspringcc.com/,https://www.coldspringcc.com/public-tee-times/,42.2748,-72.4019,,,,FALSE
Concord Country Club,246 Old Rd To 9 Acre Corner,Concord,MA,1742,Greater Boston,private,18,,,,,Donald Ross,,,,,https://www.concordcc.org/,,42.4606,-71.3642,,,,FALSE
Country Club of Billerica,51 Baldwin Road,Billerica,MA,1821,North Shore,public,18,,,,,William F. Mitchell,,,,,https://www.countryclubofbillerica.com/,https://www.countryclubofbillerica.com/,42.5491,-71.2559,,,,FALSE
Country Club of Greenfield,244 Country Club Road,Greenfield,MA,1301,Greater Springfield,private,18,,,,,"Alex Findlay, Ralph Barton",We are open to the public during specific times. Please call the Pro Shop @ (413) 773-7530 to check for availability.,,,,https://countryclubofgreenfield.net/,,42.6319,-72.5974,,,,FALSE
Country Club of Halifax,100 Country Club Drive,Halifax,MA,2338,South Shore,public,18,,,,,Phil Wogan,,,,,https://www.halifaxcc.com/,https://www.halifaxcc.com/tee-times/,41.9872,-70.8593,,,,FALSE
Country Club of New Bedford,585 Slocum Rd,North Dartmouth,MA,2747,South Shore,private,18,,,,,"Donald Ross, Willie Park Jr.",,,,,https://www.ccnb.golf/,,41.6526,-71.0097,,,,FALSE
Country Club of Pittsfield,639 South Street,Pittsfield,MA,1201,Berkshires,private,18,,,,,Donald Ross,,,,,https://www.ccpittsfield.org/,,42.4665,-73.2894,,,,FALSE
Country Club of Wilbraham,859 Stony Hill Rd,Wilbraham,MA,1095,Greater Springfield,private,18,,,,,William Ogg,,,,,https://ccofwilbraham.com/,,42.1347,-72.4322,,,,FALSE
Cranberry Valley Golf Course,183 Oak Street,Harwich,MA,2645,Cape Cod,public,18,,,,,"Geoffrey S. Cornish, William G. Robinson",,,,,https://www.cranberryvalley.golf/,https://cranberry.chelseareservations.com/,41.7022,-70.0629,,,,FALSE
Crestview Country Club,281 Shoemaker Lane,Agawam,MA,1001,Greater Springfield,public,18,,,,,Geoffrey S. Cornish,,,,,https://www.crestviewcc.org/,https://www.crestviewcc.org/tee-times/,42.0658,-72.6209,,,,FALSE
Crestwood Country Club,90 Wheeler Street,Rehoboth,MA,2769,South Shore,private,18,71,,,,Geoffrey Cornish,,,,,https://www.crestwoodcc.com/,,41.8432,-71.2446,,,,FALSE
Crosswinds Golf Club,424 Long Pond Road,Plymouth,MA,2360,South Shore,public,27,,,,,"Hurdzan, Fry",,,,,https://www.golfcrosswinds.com/,https://www.golfcrosswinds.com/teetimes/,41.8734,-70.6397,,,,FALSE
Crumpin-Fox Club,87 Parmenter Road,Bernardston,MA,1337,Greater Springfield,public,18,,,,,Robert Trent Jones,,,,,https://www.crumpinfox.com/,https://www.crumpinfox.com/,42.6901,-72.5851,,,,FALSE
Crystal Lake Golf Club,940 North Broadway,Haverhill,MA,1830,North Shore,public,18,,,,,Geoffrey S. Cornish,,,,,https://www.crystallake-golf.com/,https://crystal-lake-golf.book.teeitup.com/?course=13676&date=2026-05-25&max=999999,42.7952,-71.0556,,,,FALSE
Cummaquid Golf Club,35 Marstons Lane,Cummaquid,MA,2637,Cape Cod,private,18,,,,,"Herbert Leeds, Joe Lloyd",,,,,https://cummaquidgolf.com/,,41.6991,-70.2777,,,,FALSE
Cyprian Keyes Golf Club,284 East Temple St.,Boylston,MA,1505,Greater Worcester,public,27,,,,,Mark Mungeam,,,,,https://www.cypriankeyes.com/,https://www.cypriankeyes.com/teetimes,42.354,-71.7174,,,,FALSE
Dedham Country and Polo Club,124 Country Club Rd.,Dedham,MA,2026,Greater Boston,private,18,,,,,Seth Raynor,,,,,https://www.dedhamclub.org/,,42.2446,-71.1812,,,,FALSE
Dennis Highlands Golf Course,825 Old Bass River Road,Dennis,MA,2638,Cape Cod,public,18,,,,,"Michael Hurdzan, Jack Kidwell",,,,,https://www.dennisgolf.com/,https://dennis.chelseareservations.com/,41.7343,-70.1982,,,,FALSE
Dennis Pines Golf Club,50 Golf Course Road,South Dennis,MA,2660,Cape Cod,public,18,,,,,Henry C. Mitchell,,,,,https://www.dennisgolf.com/,https://dennis.chelseareservations.com/,41.7137,-70.1554,,,,FALSE
Dudley Hill Golf Club,80 Airport Rd,Dudley,MA,1571,Greater Worcester,public,9,,,,,Devereaux Emmet,,,,,https://dudleyhillgolf.com/,https://dudleylinks.teesnap.net/,42.0597,-71.9368,,,,FALSE
Duxbury Yacht Club,70 Fairway Lane,Duxbury,MA,2332,South Shore,private,18,,,,,Wayne Stiles,,,,,https://www.duxburyyachtclub.org/,,42.0457,-70.6905,,,,FALSE
DW Field Golf Course,331 Oak St,Brockton,MA,2301,South Shore,public,18,,,,,"John Van Kleek, Wayne Stiles",,,,,https://www.dwfieldgolfcourse.com/,https://www.dwfieldgolfcourse.com/teetimes,42.0785,-71.0384,,,,FALSE
East Mountain Country Club,1458 East Mountain Rd.,Westfield,MA,1085,Greater Springfield,public,18,,,,,Ted Perez Sr.,,,,,https://www.eastmountaincc.com/,https://eastmountaincc.ezlinksgolf.com/index.html#!/search#%2Fsearch,42.1627,-72.7714,,,,FALSE
Easton Country Club,265 Purchase Street,South Easton,MA,2375,South Shore,public,18,,,,,Samuel Mitchell,,,,,https://www.eastoncountryclub.com/,https://www.eastoncountryclub.com/TeeTimes,42.0256,-71.1084,,,,FALSE
Eastward Ho!,325 Fox Hill Road,Chatham,MA,2633,Cape Cod,private,18,,,,,Herbert Fowler,,,,,https://www.eastwardho.org/,,41.6889,-69.9799,,,,FALSE
Edgartown Golf Club,71 Curtis Ln,Edgartown,MA,2539,Cape Cod,private,9,,,,,Connie Lee,,,,,https://edgartowngolfclub.com/,,41.385,-70.5306,,,,FALSE
Edgewood Golf Course,161 Sheep Pasture Rd,Southwick,MA,1077,Greater Springfield,public,18,,,,,"Geoffrey S. Cornish, William G. Robinson",,,,,https://www.edgewood4golf.com/,https://foreupsoftware.com/index.php/booking/19046/964#teetimes,42.0499,-72.7722,,,,FALSE
Ellinwood Country Club,1928 Pleasant Street,Athol,MA,1331,Greater Worcester,public,18,,,,,"Donald Ross, Geoffrey Cornish",,,,,https://www.ellinwoodgolf.com/,https://app.easyteegolf.com/course/ellinwood-country-club/?days=1,42.5607,-72.1839,,,,FALSE
Essex County Club,153 School Street,Manchester,MA,1944,North Shore,private,18,,,,,Donald Ross,,,,,https://www.essexcc.org/,,42.5795,-70.7651,,,,FALSE
Falcon Golf Club,3352 Goenther Rd Building 3350,Buzzards Bay,MA,2542,Cape Cod,public,9,36,,,,,Tee times are first-come-first-serve,,,,https://mwrcapecod.com/facilities/falcon-golf-course/,,41.6592,-70.5521,,,,FALSE
Fall River Country Club,4232 North Main Street,Fall River,MA,2720,South Shore,private,18,,,,,Willie Park Jr,,,,,https://www.fallrivercc.com/,,41.7316,-71.109,,,,FALSE
Falmouth Country Club,630 Carriage Shop Road,Falmouth,ME,2536,Cape Cod,public,27,,,,,Louie Rubesa,,,,,https://www.falmouthcountryclub.com/,https://www.falmouthcountryclub.com/,41.5997,-70.5623,,,,FALSE
Far Corner Golf Club,5 Barker Road,West Boxford,MA,1921,North Shore,public,27,,,,,Geoffrey S. Cornish William G. Robinson,,,,,https://farcornergolf.com/,https://foreupsoftware.com/index.php/booking/22586/11259#teetimes,42.6793,-71.0294,,,,FALSE
Farm Neck Golf Club,1 Farm Neck Way,Oak Bluffs,MA,2557,Cape Cod,private,18,,,,,"Geoffrey S. Cornish, William G. Robinson",Limited public tee times,,,,https://www.farmneck.net/,,41.4451,-70.5647,,,,FALSE
Ferncroft Country Club,10 Village Road,Middleton,MA,1949,North Shore,private,27,,,,,Robert Trent Jones Sr.,,,,,https://www.ferncroftcc.com/,,42.6026,-71.0137,,,,FALSE
Forest Park Country Club,41 Forest Park Ave,Adams,MA,1220,Berkshires,public,9,,,,,Alex Findlay,Call for tee time 413-743-3311,,,,https://www.fpccgolf.com/,,42.6271,-73.1187,,,,FALSE
Four Oaks Country Club,1 Clubhouse Lane,Dracut,MA,1826,North Shore,public,18,,,,,Jeffrey Brem,,,,,https://www.fouroakscountryclub.com/,https://fouroaks.cps.golf/onlineresweb/search-teetime?TeeOffTimeMin=0&TeeOffTimeMax=23,42.6926,-71.309,,,,FALSE
Foxborough Country Club,33 Walnut Street,Foxborough,MA,2035,South Shore,private,18,,,,,Geoffrey Cornish,,,,,https://www.foxboroughcc.com/,,42.0609,-71.2355,,,,FALSE
Framingham Country Club,16 Gates Street,Framingham,MA,1702,Greater Boston,private,18,,,,,"Orrin Edward Smith, William Mitchell",,,,,https://www.framinghamcc.com/,,42.2787,-71.4436,,,,FALSE
Franconia Golf Course,619 Dwight Road,Springfield,MA,1108,Greater Springfield,public,18,72,,,,Geoffrey S. Cornish,,,,,https://vets-franconia-golf.com/,https://foreupsoftware.com/index.php/booking/22868/12165#teetimes,42.0811,-72.5578,,,,FALSE
Franklin Country Club,627 East Central Street,Franklin,MA,2038,Greater Boston,private,18,,,,,Wayne Stiles,,,,,https://www.franklincc.com/Club/Scripts/Home/home.asp,,42.087,-71.4078,,,,FALSE
Fresh Pond Golf Club,691 Huron Ave,Cambridge,MA,2138,Greater Boston,public,9,,,,,"Donald Ross, Walter Irving Johnson Jr.",,,,,https://freshpondgolf.com/,https://secure.cambridgema.gov/webtrac/web/search.html?module=GR,42.3801,-71.133,,,,FALSE
Furnace Brook Golf Club,20 Resevoir Rd,Wollaston,MA,2170,Greater Boston,public,9,,,,,Charles Eliot,,,,,https://www.furnacebrookgolf.com/,https://foreupsoftware.com/index.php/booking/21810/8949#teetimes,42.2674,-71.0166,,,,FALSE
Gannon Municipal Golf Course,60 Great Woods Rd,Lynn,MA,1904,North Shore,public,18,,,,,Wayne Stiles,,,,,https://gannongolfclub.com/,https://gannon.cps.golf/onlineresweb/search-teetime?TeeOffTimeMin=0&TeeOffTimeMax=23.999722222222225,42.4892,-70.9689,,,,FALSE
Gardner Municipal Golf Course,152 Eaton Street,Gardner,MA,1440,Greater Worcester,public,18,,,,,Samuel Mitchell,,,,,https://www.gardnergolfcourse.com/,https://www.gardnergolfcourse.com/book-tee-times/,42.59,-71.9861,,,,FALSE
Geaa Golf Club,303 Crane Ave,Pittsfield,MA,1201,Berkshires,public,9,,,,,Rowland Armacost,Book Your Tee Time: 413-443-5746,,,,https://www.geaa-golf.com/,,42.4665,-73.2894,,,,FALSE
George Wright Golf Course,420 West Street,Hyde Park,MA,2136,Greater Boston,public,18,,,,,Donald Ross,,,,,https://cityofbostongolf.com/,https://georgewright.cps.golf/,42.2529,-71.1293,,,,FALSE
Granite Links Golf Club,100 Quarry Hills Drive,Quincy,MA,2169,Greater Boston,public,27,,,,,John Sanford,,,,,https://www.granitelinks.com/,https://www.granitelinks.com/web/pages/reserve-a-tee-time,42.2429,-71.01,,,,FALSE
GreatHorse,128 Wilbraham Road,Hampden,MA,1036,Greater Springfield,private,18,,,,,Brian Silva,,,,,https://www.greathorse.com/,,42.073,-72.4166,,,,FALSE
Green Harbor Golf Club,624 Webster Street,Marshfield,MA,2050,South Shore,public,18,,,,,Manuel Francis,,,,,https://www.greenharborgolfclub.com/,https://greenharborgc.teesnap.net/,42.1111,-70.7131,,,,FALSE
Green Hill Muni Golf Course,1929 Officer Manny Familia Way,Worcester,MA,1605,Greater Worcester,public,18,,,,,"William F. Mitchell, William Ogg",,,,,https://greenhillgc.com/,https://foreupsoftware.com/index.php/booking/21206/7270?_gl=1*l6lcn4*_ga*MjExNjgzMTI2LjE3Nzk3MzMxOTA.*_ga_WQPLP348DP*czE3Nzk3MzMxODkkbzEkZzAkdDE3Nzk3MzMxOTEkajU4JGwwJGgw#teetimes,42.2889,-71.7958,,,,FALSE
Greenock Country Club,220 West Park St.,Lee,MA,1238,Berkshires,public,9,,,,,Donald Ross,,,,,https://www.greenockcc.com/,https://player.eagleclubsystems.online/#/tee-slot?dbname=gc20220515,42.288,-73.2069,,,,FALSE
Groton Country Club,94 Lovers Lane,Groton,MA,1450,Greater Worcester,public,9,,,,,,,,,,https://www.grotoncountryclub.com/,https://www.tee-on.com/PubGolf/servlet/com.teeon.teesheet.servlets.golfersection.WebBookingSearchSteps?FromTrailSearch=true&OriginalReferrer=https://www.grotoncountryclub.com/&FromCourseWebsite=true&CourseCode=GRCC&CourseGroupID=10898&Referrer=www.tee-on.com,42.6162,-71.5768,,,,FALSE
Hardwick Crossing Country Club,262 Lower Road,Gilbertville,MA,1031,Greater Worcester,public,9,,,,,Manuel Francis,,,,,https://www.hardwickcrossing.com/,https://foreupsoftware.com/index.php/booking/21764/8967#teetimes,42.3611,-72.2038,,,,FALSE
Harmon Golf,168 Concord Street,Rockland,MA,2370,South Shore,private,9,,,,,Brian Silva,,,,,https://harmongolf.boston/,,42.1288,-70.9124,,,,FALSE
Hatherly Country Club,663 Hatherly Rd,Scituate,MA,2066,South Shore,private,18,,,,,Samuel Mitchell,,,,,https://www.hatherlycc.com/,,42.2075,-70.7757,,,,FALSE
Haverhill Golf & Country Club,58 Brickett Lane,Haverhill,MA,1830,North Shore,private,18,,,,,Wayne Stiles,,,,,https://www.haverhillcc.com/,,42.7952,-71.0556,,,,FALSE
Hazelton Golf Club,327 Summer St.,Rehoboth,MA,2769,South Shore,public,18,,,,,Geofrey Cornish,Call for tee time 508-557-1856,,,,https://www.hazeltongolfclub.com/,,41.8432,-71.2446,,,,FALSE
Heather Hill Country Club,149 W Bacon Street,Plainville,MA,2762,South Shore,public,27,,,,,David Mezzacane,,,,,https://www.heatherhillcountryclub.com/,https://heatherhill.cps.golf/onlineresweb/search-teetime?TeeOffTimeMin=0&TeeOffTimeMax=23.999722222222225,42.0148,-71.3338,,,,FALSE
Hemlock Ridge Golf Course,220 Holland Rd,Fiskdale,MA,1518,Greater Worcester,public,9,,,,,Philip Logan,Call for tee time 508-347-9935,,,,https://hemlockridgegolfcourse.com/,,42.1065,-72.114,,,,FALSE
Heritage Country Club,85 Sampson Rd,Charlton,MA,1507,Greater Worcester,public,18,71,,,,William G. Robinson,,,,,https://heritagecountryclub.teesnap.net/,,42.1318,-71.9732,,,,FALSE
Heritage Hill Golf Course,17 Heritage Hill Drive,Lakeville,MA,2347,South Shore,public,18,,,,,"Bill Robinson, Geoffrey Cornish",,,,,https://golfheritagehill.com/,https://golfheritagehill.com/book-a-tee-time/,41.841,-70.9561,,,,FALSE
Hickory Hill Golf Course,200 North Lowell Street,Methuen,MA,1844,North Shore,public,18,,,,,Manny Francis,,,,,https://golfhickoryhill.com/,https://foreupsoftware.com/index.php/booking/19557/1829?_gl=1*1x0cbja*_ga*MTg0Nzk0MDQ0MS4xNzc5NzMzNzM5*_ga_WQPLP348DP*czE3Nzk3MzM3MzkkbzEkZzAkdDE3Nzk3MzM3MzkkajYwJGwwJGgw#/teetimes,42.7319,-71.1858,,,,FALSE
Highfields Golf & Country Club,42 Magill Drive,Grafton,MA,1519,Greater Worcester,public,18,,,,,Cornish Silva Mungeam,,,,,https://www.highfieldsgolfcc.com/,https://www.chronogolf.com/club/highfields-golf-country-club,42.203,-71.6811,,,,FALSE
Highland Golf Links,10 Highland Light Road,North Truro,MA,2652,Cape Cod,public,9,,,,,Willard Small,,,,,https://www.highlandlinkscapecod.com/,https://apimanager-cc31.clubcaddie.com/webapi/view/hjedabab/slots?date=05%2F25%2F2026&player=1&ratetype=any&Interaction=6jornnb1b57jehnc9g9fcefdac,42.0432,-70.1036,,,,FALSE
Hillview Golf Course,149 North Street,North Reading,MA,1864,North Shore,public,18,,,,,William F. Mitchell,Book Tee Time: 978-664-4435,,,,https://www.hillviewgc.com/,,42.5805,-71.087,,,,FALSE
Holden Hills Country Club,1800 Main Street,Holden,MA,1522,Greater Worcester,public,18,,,,,William F. Mitchell,,,,,https://www.holdenhillsgolf.com/,https://www.holdenhillsgolf.com/tee-times,42.3764,-71.8723,,,,FALSE
Holly Ridge Golf Club,121 Country Club Road,Sandwich,MA,2563,Cape Cod,public,18,,,,,"Geoffrey S. Cornish, William G. Robinson",,,,,https://www.hollyridgegolf.com/,https://www.hollyridgegolf.com/book-a-tee-time,41.7196,-70.4779,,,,FALSE
Hopedale Country Club,90 Mill St,Hopedale,MA,1747,Greater Worcester,private,9,,,,,Geoffrey Cornish,Limited public tee times,,,,https://hopedalecc.com/,,42.127,-71.5358,,,,FALSE
Hopkinton Country Club,204 Saddle Hill Rd,Hopkinton,MA,1748,Greater Boston,private,18,,,,,Ian Scott-Taylor,,,,,https://www.hopkintoncc.com/,,42.2266,-71.5315,,,,FALSE
Hyannis Golf Course,1840 Iyannough Road,Hyannis,MA,2601,Cape Cod,public,18,,,,,"Geoffrey Cornish, Bill Robinson",,,,,https://www.barnstable.golf/hyannis-golf-course/,https://oldebn.chelseareservations.com/,41.6568,-70.2938,,,,FALSE
Hyannisport Club,2 Irving Ave,Hyannisport,MA,2647,Cape Cod,private,18,,,,,Donald Ross,,,,,https://www.hyannisportclub.com/,,41.6351,-70.3073,,,,FALSE
Indian Meadows Golf Course,275 Turnpike Road,Westborough,MA,1581,Greater Worcester,public,9,,,,,Geoffrey Cornish,,,,,https://www.indianmeadowsgolfclub.com/,https://apimanager-cc31.clubcaddie.com/webapi/view/jjedabab/slots?date=05%2F25%2F2026&player=1&ratetype=any&Interaction=6jornnb1b57jehnc9g9fcefdac,42.2662,-71.6092,,,,FALSE
Indian Pond Country Club,60 Country Club Way,Kingston,MA,2364,South Shore,private,18,,,,,Damian Pascuzzo,,,,,https://www.indianpondcountryclub.com/Club/Scripts/Home/home.asp,,41.9781,-70.7461,,,,FALSE
Indian Ridge Country Club,73 Lovejoy Road,Andover,MA,1810,North Shore,private,18,,,,,Geoffrey S. Cornish,,,,,https://www.indianridgecountryclub.us/,,42.6496,-71.166,,,,FALSE
Ipswich Country Club,148 Country Club Way,Ipswich,MA,1938,North Shore,private,18,,,,,Robert Trent Jones Sr.,,,,,https://www.invitedclubs.com/clubs/ipswich-country-club,,42.6829,-70.8473,,,,FALSE
John F. Parker Golf Course,17 Fisher Street,Taunton,MA,2780,South Shore,public,9,35,,,,Geoffrey Cornish,Call for tee time 508-822-1797,,,,https://johnfparkergc.com/,,41.9099,-71.1189,,,,FALSE
Juniper Hill Golf Course,202 Brigham Street,Northboro,MA,1532,Greater Worcester,public,36,,,,,Homer Darling,,,,,https://www.juniperhillgc.com/,https://juniperhill.cps.golf/onlineresweb/search-teetime?TeeOffTimeMin=0&TeeOffTimeMax=23.999722222222225,42.3301,-71.6352,,,,FALSE
Kelley Greens Golf Course,1 Willow Road,Nahant,MA,1908,North Shore,public,9,,,,,Gordon G. Lewis,,,,,https://www.kelleygreensgolf.com/,https://www.golfnow.com/tee-times/facility/16067-kelley-greens-golf-course-formerly-nahant-golf-club/search,42.436,-70.9209,,,,FALSE
Kernwood Country Club,1 Kernwood Street,Salem,MA,1970,North Shore,private,18,,,,,Donald Ross,,,,,https://www.kernwood.org/,,42.5147,-70.9075,,,,FALSE
Kettle Brook Golf Club,136 Marshall St,Paxton,MA,1612,Greater Worcester,public,18,,,,,Brian Silva,,,,,https://kettlebrookgolfclub.com/,https://foreupsoftware.com/index.php/booking/20840#/login,42.3152,-71.9345,,,,FALSE
Kings Way Golf Club,81 Kings Circuit,Yarmouth Port,MA,2675,Cape Cod,public,18,,,,,Brian Silva,,,,,https://www.kingswaygc.com/,https://kings-way-golf-club.book.teeitup.com/?course=8376&date=2026-05-25&max=999999,41.7076,-70.23,,,,FALSE
Lakeville Country Club,44 Clear Pond Road,Lakeville,MA,2347,South Shore,public,18,,,,,Geoffrey Cornish,,,,,https://www.lakevillecountryclub.com/,https://www.lakevillecountryclub.com/teetimes/,41.841,-70.9561,,,,FALSE
LeBaron Hills Country Club,183 Rhode Island Road,Lakeville,MA,2347,South Shore,private,18,,,,,Cornish Silva Mungeam,,,,,https://www.lebaronhills.com/about-us,,41.841,-70.9561,,,,FALSE
Ledgemont Country Club,131 Brown Avenue,Seekonk,MA,2771,South Shore,private,18,,,,,Alfred Tull,,,,,https://www.ledgemontcc.com/Club/Scripts/Home/home.asp,,41.8401,-71.3188,,,,FALSE
Leo J. Martin Golf Course,190 Park Road,Weston,MA,2493,Greater Boston,public,18,,,,,Donald J. Ross,,,,,https://www.mass.gov/locations/leo-j-martin-memorial-golf-course,https://leo-j-martin-memorial-golf-course.book.teeitup.com/?course=17926&date=2026-05-25&max=999999,42.3578,-71.2954,,,,FALSE
Lexington Golf Club,55 Hill Street,Lexington,MA,2421,Greater Boston,private,9,,,,,,,,,,https://lexingtongc.com/,,42.443,-71.2349,,,,FALSE
Little Harbor Golf Course,1 Little Harbor Drive,Wareham,MA,2571,South Shore,public,18,,,,,Richard Bowler,,,,,https://www.littleharborgolf.com/,https://www.littleharborgolf.com/book-tee-times/,41.7666,-70.7007,,,,FALSE
Long Meadow Golf Club,165 Havilah St,Lowell,MA,1852,North Shore,private,9,,,,,Alexander H. Findlay,,,,,https://www.longmeadowgolfclub.com/,,42.6285,-71.2965,,,,FALSE
Longmeadow Country Club,400 Shaker Rd,Longmeadow,MA,1106,Greater Springfield,private,18,,,,,Donald Ross,,,,,https://www.longmeadowcc.com/,,42.0506,-72.5659,,,,FALSE
Ludlow Country Club,1 Tony Lema Dr,Ludlow,MA,1056,Greater Springfield,private,18,,,,,Donald Ross,,,,,https://www.ludlowcountryclub.com/,,42.192,-72.4587,,,,FALSE
Marion Golf Club,10 South Drive,Marion,MA,2738,South Shore,public,9,,,,,George C. Thomas Jr,,,,,https://www.mariongolfclub.com/,https://foreupsoftware.com/index.php/booking/21400/7582#teetimes,41.7181,-70.7604,,,,FALSE
Marlborough Country Club,200 Concord Road,Marlborough,MA,1752,Greater Worcester,private,18,,,,,"Wayne Stiles, Geoffrey Cornish",,,,,https://marlboroughcc.com/,,42.3459,-71.5509,,,,FALSE
Marshfield Country Club,515 Moraine Street,Marshfield,MA,2050,South Shore,private,18,70,,,,Wayne Stiles,,,,,https://www.marshfieldcc.com/,,42.1111,-70.7131,,,,FALSE
Maynard Golf Course,50 Brown Street,Maynard,MA,1754,Greater Boston,public,9,,,,,Wayne Stiles,,,,,https://www.maynardgolf.com/,https://maynard-golf-course.book.teeitup.golf/?course=15974&date=2026-05-25&max=999999,42.4285,-71.4577,,,,FALSE
Meadow Brook Golf Club,292 Grove St,Reading,MA,1867,North Shore,private,9,,,,,Alexander H. Findlay,,,,,https://www.meadowbrookgolfclub.org/,,42.5333,-71.1036,,,,FALSE
Merrimack Valley Golf Club,210 Howe St,Methuen,MA,1844,North Shore,public,18,,,,,Donald Ross,,,,,https://merrimackvalleygolfclub.com/,https://merrimack-valley-golf-club.book.teeitup.com/?course=16619&date=2026-05-25&max=999999,42.7319,-71.1858,,,,FALSE
Miacomet Golf Course,12 W. Miacomet Road,Nantucket,MA,2554,Cape Cod,public,18,,,,,Alex Findlay,,,,,https://www.miacometgolf.com/,https://miacomet.ezlinksgolf.com/index.html#!/search,41.3157,-70.1197,,,,FALSE
Mill Valley Golf Links,380 Mill Valley Road,Belchertown,MA,1007,Greater Springfield,public,18,,,,,Geoffrey Cornish,,,,,https://mill-valley-golf-links.square.site/,https://millval.chelseareservations.com/,42.2748,-72.4019,,,,FALSE
Mink Meadows Golf Club,320 Golf Club Road,Vineyard Haven,MA,2568,Cape Cod,public,9,,,,,Wayne Stiles,,,,,https://www.minkmeadowsgc.com/,https://foreupsoftware.com/index.php/booking/20035/3294#teetimes,41.4149,-70.6308,,,,FALSE
Monoosnock Country Club,40 Monoosnock Ave,Leominster,MA,1453,Greater Worcester,public,9,,,,,Wayne Stiles,,,,,https://monoosnockcountryclub.com/,https://monoosnockcountryclub.teesnap.net/,42.5245,-71.7722,,,,FALSE
Mount Hood Golf Club,100 Slayton Rd,Melrose,MA,2176,Greater Boston,public,18,,,,,,,,,,https://mthoodgolfclub.com/,https://fox.tenfore.golf/mounthood,42.4576,-71.0542,,,,FALSE
Mount Pleasant Golf Club,141 Staples St,Lowell,MA,1850,North Shore,private,9,,,,,John Watson,,,,,https://mpgc.net/,,42.6556,-71.3035,,,,FALSE
Myopia Hunt Club,435 Bay Road,South Hamilton,MA,1982,North Shore,private,18,,,,,Herbert Leeds,,,,,https://www.myopiahuntclub.com/Club/Scripts/Home/home.asp,,42.6268,-70.8602,,,,FALSE
Nabnasset Lake Country Club,47 Oak Hill Road,Westford,MA,1886,North Shore,private,9,,,,,,,,,,https://www.nabnassetlake.com/,,42.589,-71.4417,,,,FALSE
Nantucket Golf Club,250 Milestone Rd.,Siasconset,MA,2564,Cape Cod,private,18,,,,,Rees Jones,,,,,https://www.nantucketgolfclub.com/,,41.2623,-69.9668,,,,FALSE
Nashawtuc Country Club,1861 Sudbury Road,Concord,MA,1742,Greater Boston,private,18,,,,,Geoffrey S. Cornish,,,,,https://www.nashawtuc.com/,,42.4606,-71.3642,,,,FALSE
Needham Golf Club,49 Green Street,Needham,MA,2492,Greater Boston,private,9,,,,,Wayne Stiles,,,,,https://www.needhamgolfclub.com/,,42.2777,-71.2449,,,,FALSE
Nehoiden Golf Club,Wellesley Coll 106 Central St,Wellesley,MA,2481,Greater Boston,private,9,,,,,Wayne Stiles,,,,,https://nehoidengolf.com/,,42.3093,-71.2724,,,,FALSE
New England Country Club,180 Paine St,Bellingham,MA,2019,Greater Boston,public,18,,,,,Hale Irwin,,,,,https://newenglandcountryclub.com/,https://newenglandcountryclub.com/booking-your-round/,42.0765,-71.4722,,,,FALSE
New Meadows Golf Club,30 Wildes Road,Topsfield,MA,1983,North Shore,public,9,,,,,Philip A. Wogan,Call for tee time 978-877-9307,,,,https://newmeadowsgolf.com/,,42.6356,-70.9443,,,,FALSE
Newton Commonwealth Golf Course,212 Kenrick Street,Newton,MA,2458,Greater Boston,public,18,,,,,Donald Ross,The home of Kangaroo golf,,,,https://newtongc.com/,https://foreupsoftware.com/index.php/booking/21009/6440?_gl=1*147q40h*_ga*MjA5MjEwMjQwMS4xNzc5NzM1Njk3*_ga_WQPLP348DP*czE3Nzk3MzU2OTYkbzEkZzEkdDE3Nzk3MzU3MDYkajUwJGwwJGgw#teetimes,42.3534,-71.1836,,,,FALSE
Nonquitt Golf Club,6 Nonquitt Avenue,South Dartmouth,MA,2748,South Shore,private,9,,,,,"Geoffrey Cornish, Bill Ransom",Have to know a guy,,,,,,41.561,-70.981,,,,FALSE
Norfolk Golf Club,166 East Street,Westwood,MA,2090,Greater Boston,private,9,,,,,Brian Silva,,,,,https://www.norfolkgc.com/,,42.2212,-71.1994,,,,FALSE
North Andover Country Club,500 Great Pond Road,North Andover,MA,1845,North Shore,private,9,,,,,Donald Ross,,,,,https://www.northandovercc.com/,,42.673,-71.088,,,,FALSE
North Hill Country Club,29 Merry Ave,Duxbury,MA,2332,South Shore,public,9,,,,,William F. Mitchell,,,,,https://www.northhillcountryclub.com/,https://apimanager-cc31.clubcaddie.com/webapi/view/bafdabab/slots?date=05%2F25%2F2026&player=1&ratetype=any&Interaction=6jornnb1b57jehnc9g9fcefdac,42.0457,-70.6905,,,,FALSE
Northampton Country Club,135 Main St.,Leeds,MA,1053,Greater Springfield,public,9,,,,,Alex Findlay,,,,,https://hampgolf.com/,https://hampgolf.com/,42.3522,-72.7155,,,,FALSE
Northern Spy Golf Club,40 Scales Ln,Townsend,MA,1469,Greater Worcester,private,18,,,,,"Ted Manning, Mary Mills",,,,,https://northernspygc.com/,,42.6596,-71.7023,,,,FALSE
Northfield Golf Club,31 Holton Street,Northfield,MA,1360,Greater Springfield,private,9,,,,,Alexander H. Findlay,,,,,https://northfieldgolfcourse.com/,,42.6665,-72.4469,,,,FALSE
Norton Country Club,188 Oak St,Norton,MA,2766,South Shore,public,18,,,,,"Brian Silva, Geoffrey Cornish",,,,,https://nortoncountryclub.com/,https://norton.cps.golf/onlineresweb/search-teetime?TeeOffTimeMin=0&TeeOffTimeMax=23.999722222222225,41.9559,-71.1779,,,,FALSE
Norwood Country Club,400 Providence Highway,Norwood,MA,2062,Greater Boston,public,18,,,,,Samuel Mitchell,,,,,https://www.norwoodcc.com/,https://norwood-country-club.book.teeitup.golf/?course=5720&date=2026-05-25&max=999999,42.1819,-71.1967,,,,FALSE
Oak Hill Country Club,840 Oak Hill Road,Fitchburg,MA,1420,Greater Worcester,private,18,,,,,"Donald Ross, Wayne Stiles",,,,,https://www.oakhillcc.org/,,42.5828,-71.8066,,,,FALSE
Oakley Country Club,410 Belmont Street,Watertown,MA,2472,Greater Boston,private,18,,,,,Donald Ross,,,,,https://oakleycountryclub.org/,,42.3721,-71.1786,,,,FALSE
Ocean Edge Golf Club,832 Villages Dr,Brewster,MA,2631,Cape Cod,private,18,,,,,Nicklaus Design,Available to guests,,,,https://www.oceanedge.com/golf,,41.7469,-70.0695,,,,FALSE
Old Sandwich Golf Club,247 Old Sandwich Rd,Plymouth,MA,2360,South Shore,private,18,,,,,"Ben Crenshaw, Bill Coore",,,,,https://www.osgolfclub.com/,,41.8734,-70.6397,,,,FALSE
Olde Barnstable Fairgrounds Golf Course,1460 Route 149,Marstons Mills,MA,2648,Cape Cod,public,18,,,,,"Brian Silva, Geoffrey Cornish",,,,,https://www.barnstable.golf/olde-barnstable-fairgrounds-golf-course/,https://oldebn.chelseareservations.com/,41.6704,-70.4134,,,,FALSE
Olde Salem Greens Golf Course,75 Willson Street,Salem,MA,1970,North Shore,public,9,,,,,"Wayne Stiles, John Van Kleek",,,,,https://www.salemma.gov/Facilities/Facility/Details/Olde-Salem-Green-Public-Golf-Course-9,https://www.chronogolf.com/club/olde-salem-greens-golf-course?date=2026-05-25,42.5147,-70.9075,,,,FALSE
Olde Scotland Links,695 Pine St.,Bridgewater,MA,2324,South Shore,public,18,,,,,Brian Silva,,,,,https://www.oldescotlandlinks.com/,https://www.oldescotlandlinks.com/book-a-tee-time/,41.9706,-70.9732,,,,FALSE
Orchards Golf Club,18 Silverwood Terrace,South Hadley,MA,1075,Greater Springfield,private,18,,,,,Donald Ross,,,,,https://www.orchardsgolf.com/,,42.2586,-72.5759,,,,FALSE
Ould Newbury Golf Club,319 Newburyport Turnpike,Newburyport,MA,1950,North Shore,public,9,,,,,Jim Lowe,,,,,https://ouldnewbury.com/,https://foreupsoftware.com/index.php/booking/19969?_gl=1*1ma1b0a*_ga*MTUxMjgwOTAxLjE3Nzk3MzY3MzE.*_ga_10435WJ7F2*czE3Nzk3MzY3MzAkbzEkZzEkdDE3Nzk3MzY3NDUkajQ1JGwwJGgw*_ga_WQPLP348DP*czE3Nzk3MzY3MzAkbzEkZzEkdDE3Nzk3MzY3NDUkajQ1JGwwJGgw#/welcome,42.8142,-70.8745,,,,FALSE
Oyster Harbors Club,2067 Oyster Harbors,Osterville,MA,2655,Cape Cod,private,18,,,,,Donald Ross,,,,,https://www.oysterharborsclub.org/,,41.6358,-70.3911,,,,FALSE
Pakachoag Golf Club,15 Upland Street,Auburn,MA,1501,Greater Worcester,public,9,,,,,,,,,,https://pakachoaggolfcourse.com/,https://foreupsoftware.com/index.php/booking/22072/9821#teetimes,42.1957,-71.8461,,,,FALSE
Patriot Golf Course,200 Springs Road,Bedford,MA,1730,Greater Boston,public,9,,,,,Manuel Francis,,,,,https://hanscomfss.com/golf/,https://hanscomafb.cps.golf/,42.4999,-71.2753,,,,FALSE
Paul Harney Golf Club,74 Club Valley Drive,East Falmouth,MA,2536,Cape Cod,public,18,,,,,Paul Harney,Call the pro shop @ 508-563-3454,,,,https://www.paulharneygolfcourse.com/,,41.5997,-70.5623,,,,FALSE
Pawtucket Country Club,900 Armistice Blvd,Pawtucket,RI,2861,South Shore,private,18,,,,,Willie Park Jr.,For some reason a Mass Golf Affiliate,,,,https://www.pawtucketcountryclub.com/,,41.8783,-71.3539,,,,FALSE
Pembroke Country Club,94 West Elm St,Pembroke,MA,2359,South Shore,public,18,,,,,Phil Wogan,,,,,https://pembrokegolf.com/,https://foreupsoftware.com/index.php/booking/22650?_gl=1*ziyh4q*_ga*NTI4MjAyNTY3LjE3Nzk3Mzc1ODA.*_ga_WQPLP348DP*czE3Nzk3Mzc1ODAkbzEkZzAkdDE3Nzk3Mzc1ODAkajYwJGwwJGgw#/teetimes,42.0649,-70.7986,,,,FALSE
Pine Brook Country Club,42 Newton Street,Weston,MA,2493,Greater Boston,private,18,,,,,"Wayne Stiles, John Van Kleek",,,,,https://www.pbccma.com/,,42.3578,-71.2954,,,,FALSE
Pine Meadows Golf Club,255 Cedar Street,Lexington,MA,2421,Greater Boston,public,9,,,,,Donald Ross,,,,,https://www.pinemeadowsgolfclub.com/,https://www.golfrev.com/go/tee_times/?htc=381&courseid=3855&r=1,42.443,-71.2349,,,,FALSE
Pine Oaks Golf Club,68 Prospect Street,South Easton,MA,2375,South Shore,public,18,,,,,William G. Robinson,There are no Tee Times needed at Pine Oaks,,,,https://www.pineoaks.com/Club/Scripts/Home/home.asp,,42.0256,-71.1084,,,,FALSE
Pine Ridge Country Club,28 Pleasant Street,North Oxford,MA,1537,Greater Worcester,public,18,,,,,Philip A. Wogan,,,,,https://pineridgegolf.net/,https://pineridgegolf.teesnap.net/,42.1629,-71.8912,,,,FALSE
Pine Valley Country Club,136 Providence Street,Rehoboth,MA,2769,South Shore,public,9,,,,,,(508) 336-5064,,,,,,41.8432,-71.2446,,,,FALSE
Pinecrest Golf Course,212 Prentice St.,Holliston,MA,1746,Greater Boston,public,18,,,,,Ted Locke,,,,,https://pinecrestgolfclub.org/,https://pinecrestgolfclub.org/book-a-tee-time/,42.1974,-71.4412,,,,FALSE
Pinehills Golf Club,54 Clubhouse Dr,Plymouth,MA,2360,South Shore,public,36,,,,,Jack Nicklaus,,,,,https://www.pinehillsgolf.com/,https://www.pinehillsgolf.com/book-your-tee-time/,41.8734,-70.6397,,,,FALSE
Pleasant Valley Country Club,95 Armsby Road,Sutton,MA,1590,Greater Worcester,private,18,,,,,"Brian Ault, Tom Clark",,,,,https://www.pleasantvalleycc.com/,,42.1354,-71.7558,,,,FALSE
Plymouth Country Club,221 Warren Avenue,Plymouth,MA,2360,South Shore,private,18,,,,,Donald Ross,,,,,https://www.plymouthcc.net/,,41.8734,-70.6397,,,,FALSE
Pocasset Golf Club,24 Club House Dr,Pocasset,MA,2559,Cape Cod,private,18,,,,,Donald Ross,,,,,https://www.pocassetgolfclub.com/Club/Scripts/Home/home.asp,,41.6879,-70.6224,,,,FALSE
Ponkapoag Golf Course,2167 Washington Street,Canton,MA,2021,Greater Boston,public,36,,,,,Donald Ross,Someone with more money than god please fund a renovation,,,,https://www.mass.gov/locations/ponkapoag-golf-course,https://ponkapoag-golf-course.book.teeitup.com/?course=17927&date=2026-05-25&max=999999,42.1827,-71.1221,,,,FALSE
Poquoy Brook Golf Club,20 Leonard St,Lakeville,MA,2347,South Shore,public,18,,,,,"Geoffrey S. Cornish, William Robinson",,,,,https://www.poquoybrook.com/en/,https://www.foreupsoftware.com/index.php/booking/19579/1863#teetimes,41.841,-70.9561,,,,FALSE
Presidents Golf Course,357 West Squantum Street,Quincy,MA,2171,Greater Boston,public,18,,,,,"George Fazio, Thomas Fazio",,,,,https://www.presidentsgc.org/,https://www.presidentsgc.org/teetimes/,42.2961,-70.9997,,,,FALSE
Quaboag Country Club,70 Palmer Road Rte 32,Monson,MA,1057,Greater Springfield,public,9,,,,,"Geoffrey S. Cornish, William G. Robinson",,,,,,https://quaboagcountryclub.teesnap.net/,42.0955,-72.3129,,,,FALSE
Quail Hollow Golf & Country Club,1822 Old Turnpike Road,Oakham,MA,1068,Greater Worcester,public,18,,,,,Philip A. Wogan,Not sure this place exists ,,,,https://www.facebook.com/QuailHollowOakham/,https://www.golfnow.com/tee-times/facility/15927-quail-hollow-country-club/search#date=May+30+2026,42.3533,-72.0514,,,,FALSE
Quail Ridge Country Club,49 Skyline Dr,Acton,MA,1720,Greater Boston,public,9,,,,,Mark Mungeam,,,,,https://www.quailridgegolfclub.com/,https://quailridge-country-club.book.teeitup.com/?date=2026-05-25,42.4842,-71.4395,,,,FALSE
Quashnet Valley Country Club,309 Old Barnstable Road,Mashpee,MA,2649,Cape Cod,public,18,,,,,William G. Robinson,,,,,https://www.quashnetvalley.com/,https://quashnetvalleycc.teesnap.net/,41.6172,-70.4925,,,,FALSE
Red Tail Golf Club,15 Bulge Rd,Ayer,MA,1432,Greater Worcester,public,18,,,,,Brian Silva,,,,,https://www.redtailgolf.net/,https://redtailgc.cps.golf/onlineresweb/search-teetime?TeeOffTimeMin=0&TeeOffTimeMax=23,42.5629,-71.5688,,,,FALSE
Reedy Meadow Golf Course,195 Summer Street,Lynnfield,MA,1940,North Shore,public,9,,,,,,,,,,https://lynnfieldgolf.net/,https://foreupsoftware.com/index.php/booking/22515?_gl=1*1jagwv0*_ga*NjgxMjU5MjUwLjE3Nzk3MzgzMTY.*_ga_WQPLP348DP*czE3Nzk3MzgzMTYkbzEkZzAkdDE3Nzk3MzgzMTYkajYwJGwwJGgw#/teetimes,42.5382,-71.0305,,,,FALSE
Renaissance,377 Kenoza Street,Haverhill,MA,1830,North Shore,private,18,,,,,Brian Silva,,,,,https://renaissancema.com/,,42.7952,-71.0556,,,,FALSE
Reservation Golf Club,10 Reservation Rd,Mattapoisett,MA,2739,South Shore,private,9,,,,,Wayne Stiles,,,,,https://www.reservationgolfclub.com/,,41.6648,-70.8108,,,,FALSE
Ridder Farm Golf Club,390 Oak Street,East Bridgewater,MA,2333,South Shore,public,18,,,,,Henry Homan,,,,,https://www.ridderfarm.com/,https://ridder-farm-golf-club.book.teeitup.com/?course=4930&date=2026-05-25&max=999999,42.0337,-70.9425,,,,FALSE
Rochester Golf Course,323 Rounseville Road,Rochester,MA,2770,South Shore,public,18,,,,,Humphrey Tallman,Call for tee time 508-763-5155,,,,http://www.rochestergolf.net/,,41.7527,-70.8466,,,,FALSE
Rockland Golf Course,276 Plain St,Rockland,MA,2370,South Shore,public,18,,,,,Philip Wogan,,,,,https://www.rocklandgc.com/,https://rockland-golf-course.book.teeitup.golf/?course=11063&date=2026-05-25&max=999999,42.1288,-70.9124,,,,FALSE
Rockport Golf Club,36 Country Club Road,Rockport,MA,1966,North Shore,public,9,,,,,Philip Wogan,Golf Shop (978) 546-3340,,,,https://rockportgolf.com/,,42.6605,-70.6162,,,,FALSE
Round Hill Golf Links,307 Smith Neck Rd,S Dartmouth,MA,2748,South Shore,private,9,,,,,Melvin B Lucas Jr.,No Site,,,,,,41.561,-70.981,,,,FALSE
Rowley Country Club,235 Dodge Road,Rowley,MA,1969,North Shore,public,9,,,,,Phil Wogan,,,,,https://www.rowleycountryclub.com/,https://www.tee-on.com/PubGolf/servlet/com.teeon.teesheet.servlets.golfersection.WebBookingAllTimesLanding?FromTrailSearch=true&FromCourseWebsite=true&CourseCode=ROWL&CourseGroupID=10378&Referrer=www.rowleycountryclub.com,42.7179,-70.8954,,,,FALSE
Royal Crest Country Club,10 Rainbow Pond Drive,Walpole,MA,2081,Greater Boston,private,9,,,,,William Burdick,,,,,https://www.royalcrestcc.com/,,42.1508,-71.259,,,,FALSE
Sacconnesset Golf Club,132 Falmouth Woods Road,Falmouth,MA,2536,Cape Cod,private,18,,,,,Rees Jones,,,,,https://sacconnessetgolf.com/,,41.5997,-70.5623,,,,FALSE
Sagamore Spring Golf Club,1287 Main Street,Lynnfield,MA,1940,North Shore,public,18,,,,,"Louis K. Luff, Richard E. Luff",,,,,https://www.sagamoregolf.com/,https://fox.tenfore.golf/sagamorespring,42.5382,-71.0305,,,,FALSE
Salem Country Club,133 Forest Street,Peabody,MA,1960,North Shore,private,18,,,,,Donald Ross,,,,,https://www.salemcountryclub.org/,,42.5326,-70.9737,,,,FALSE
Sandwich Hollows Golf Club,1 Round Hill Road,East Sandwich,MA,2537,Cape Cod,public,18,,,,,"Melvin Lucas Jr., Robert Trent Jones Sr.",,,,,https://www.sandwichhollows.com/,https://www.sandwichhollows.com/book-your-tee-time/,41.73,-70.4367,,,,FALSE
Sandy Burr Country Club,103 Cochituate Road,Wayland,MA,1778,Greater Boston,public,18,,,,,Donald Ross,,,,,https://sandyburr.com/,https://sandyburr.teesnap.net/,42.3612,-71.3629,,,,FALSE
Sankaty Head Golf Club,100 Sankaty Road,Siasconset,MA,2564,Cape Cod,private,18,,,,,Emerson Armstrong,Shoutout Chris,,,,https://www.sankatyheadgc.com/,,41.2623,-69.9668,,,,FALSE
Sassamon Trace Golf Course,233 South Main St,Natick,MA,1760,Greater Boston,public,9,,,,,"Brian Silva, Geoffrey Cornish, Mark Mungeam",,,,,https://sassamontrace.com/,https://sassamontrace.com/,42.2872,-71.3523,,,,FALSE
Scituate Country Club,91 Driftway,Scituate,MA,2066,South Shore,private,9,,,,,F.G Pickering,,,,,https://www.scituatecc.com/Club/Scripts/Home/home.asp,,42.2075,-70.7757,,,,FALSE
Sconset Golf Course,260 Milestone Road,Nantucket,MA,2554,Cape Cod,public,9,,,,,"Alex Findlay, John Grout",,,,,https://www.miacometgolf.com/sconset-golf,https://sconsetgolf.ezlinksgolf.com/index.html#!/search#%2Fsearch,41.3157,-70.1197,,,,FALSE
Segregansett Country Club,85 Gulliver Street,Taunton,MA,2780,South Shore,private,18,,,,,"Geoffrey S. Cornish, William G. Robinson",,,,,https://www.segregansett.com/,,41.9099,-71.1189,,,,FALSE
Settlers Crossing Golf Course,994 Northfield Road,Lunenburg,MA,1462,Greater Worcester,public,9,,,,,,,,,,https://www.settlersgolf.com/,https://foreupsoftware.com/index.php/booking/19296/1396#teetimes,42.5871,-71.7209,,,,FALSE
Shaker Farms Country Club,866 Shaker Road,Westfield,MA,1085,Greater Springfield,public,18,,,,,Geoffrey S. Cornish,,,,,https://www.shakerfarmscc.com/,https://shakerfarms.cps.golf/onlineresweb/search-teetime?TeeOffTimeMin=0&TeeOffTimeMax=23.999722222222225,42.1627,-72.7714,,,,FALSE
Shaker Hills Country Club,146 Shaker Road,Harvard,MA,1451,Greater Worcester,public,18,,,,,Brian Silva,,,,,https://www.shakerhills.com/,https://www.shakerhills.com/book-a-tee-time,42.4985,-71.5819,,,,FALSE
Sharon Country Club,149 East Street,Sharon,CT,2067,Greater Boston,private,9,,,,,Wayne Stiles,,,,,https://www.sharoncountryclub.com/,,42.1111,-71.1858,,,,FALSE
Shining Rock Golf Club,91 Clubhouse Lane,Northbridge,MA,1534,Greater Boston,public,18,,,,,Patrick Sullivan,,,,,https://www.shiningrockgolf.com/,https://shiningrock.cps.golf/onlineresweb/search-teetime?TeeOffTimeMin=0&TeeOffTimeMax=23,42.1362,-71.6427,,,,FALSE
South Shore Country Club,274 South Street,Hingham,MA,2043,South Shore,public,18,,,,,Wayne Stiles,,,,,https://www.southshorecc.com/,https://www.southshorecc.com/162/Reserve-a-Tee-Time,42.2158,-70.8792,,,,FALSE
Southampton Country Club,329 College Highway,Southampton,MA,1073,Greater Springfield,public,18,,,,,John Strychary,Call for tee time (413) 527-9815,,,,https://www.southamptoncountryclub.com/,,42.2306,-72.741,,,,FALSE
Southborough Golf Club,32 Cordaville Road,Southboro,MA,1772,Greater Worcester,public,9,,,,,"George Gardner, Stephen Kay",,,,,https://www.southboroughgolfclub.com/,https://www.golfrev.com/go/tee_times/?htc=330&courseid=3998&r=1,42.2965,-71.5352,,,,FALSE
Southers Marsh Golf Club,30 Southers Marsh Lane,Plymouth,MA,2360,South Shore,public,18,,,,,"Nick Filla, Dahn Tibbett",,,,,https://southersmarsh.com/,https://southersmarsh.teesnap.net/,41.8734,-70.6397,,,,FALSE
Springfield Country Club,1375 Elm Street,West Springfield,MA,1089,Greater Springfield,private,18,,,,,Donald Ross,,,,,https://www.springfieldccma.org/,,42.1257,-72.6417,,,,FALSE
Squirrel Run Golf Club,32 Elderberry Dr,Plymouth,MA,2360,South Shore,public,18,,,,,Ray Richards,,,,,https://www.golfatsquirrelrun.com/,https://www.golfatsquirrelrun.com/tee-times/,41.8734,-70.6397,,,,FALSE
St. Anne Country Club,781 Shoemaker Lane,Feeding Hills,MA,1030,Greater Springfield,public,18,,,,,Joseph Napolitan,,,,,https://www.stannecc.com/,https://st-anne-country-club.book.teeitup.golf/?course=13629&date=2026-05-25&max=999999,42.0705,-72.6752,,,,FALSE
Sterling National Country Club,33 Albright Road,Sterling,MA,1564,Greater Worcester,private,18,,,,,Michael Hurdzan,,,,,https://sterlingcc.com/,,42.4393,-71.7766,,,,FALSE
Stockbridge Golf Club,6A Main Street,Stockbridge,MA,1262,Berkshires,private,18,,,,,"Walter Nettleton, Joseph Franz",,,,,https://www.stockbridgegc.com/,,42.2968,-73.3259,,,,FALSE
Stow Acres Country Club,58 Randall Road,Stow,MA,1775,Greater Boston,public,36,,,,,Geoffrey Cornish,,,,,https://www.stowacres.com/,https://www.stowacres.com/,42.4299,-71.5036,,,,FALSE
Swansea Country Club,299 Market Street,Swansea,MA,2777,South Shore,public,27,,,,,Geoffrey S. Cornish,,,,,https://www.swanseacountryclub.com/,https://swansea.cps.golf/,41.7532,-71.2342,,,,FALSE
Swanson Meadows Golf Course,216 Rangeway Road,North Billerica,MA,1862,North Shore,public,9,,,,,Tim Gerish of Cornish Silva Mungean,,,,,https://www.swansonmeadows.com/,https://teewire.app/swansonmeadows/,42.5683,-71.2923,,,,FALSE
Taconic Golf Club,19 Meacham Street,Williamstown,MA,1267,Berkshires,private,18,,,,,"Wayne Stiles, John Van Kleek",,,,,https://taconicgolf.com/,,42.6423,-73.2526,,,,FALSE
Tatnuck Country Club,1222 Pleasant Street,Worcester,MA,1602,Greater Worcester,private,9,,,,,Donald Ross,,,,,https://tatnuckcc.com/,,42.2744,-71.8478,,,,FALSE
Tedesco Country Club,154 Tedesco St,Marblehead,MA,1945,North Shore,private,18,,,,,Eugene Skip Wogan,,,,,https://www.tedescocc.org/,,42.5002,-70.8649,,,,FALSE
Tekoa Country Club,459 Russell Rd,Westfield,MA,1085,Greater Springfield,public,18,,,,,Donald Ross,,,,,https://tekoacc.com/,https://tekoacc.com/book-a-tee-time,42.1627,-72.7714,,,,FALSE
Templewood Golf Course,160 Brooks Road,Templeton,MA,1468,Greater Worcester,public,18,,,,,Geoffrey Cornish,,,,,https://www.templewoodgolfcourse.com/,https://www.templewoodgolfcourse.com/tee-times/,42.5432,-72.0669,,,,FALSE
The Bay Club,63 County Road,Mattapoisett,MA,2739,South Shore,private,18,,,,,"Brad Faxon, Brad Booth",,,,,https://www.bayclubmatt.com/,,41.6648,-70.8108,,,,FALSE
The Bay Pointe Club,19 Bay Pointe Drive,Buzzards Bay,MA,2532,South Shore,public,18,,,,,Anthi Frangiadis,,,,,https://www.windwardpines.com/the-bay-pointe-club,https://www.golfnow.com/tee-times/facility/5948-the-bay-pointe-club/search#date=May+30+2026,41.7272,-70.588,,,,FALSE
The Brookside Club,11 Brigadoon Road,Bourne,MA,2532,Cape Cod,public,18,,,,,Michael Hurdzan,,,,,https://www.golfbrookside.com/,https://www.golfbrookside.com/teetimes/,41.7272,-70.588,,,,FALSE
The Cape Club,125 Falmouth Woods Road,East Falmouth,MA,2536,Cape Cod,private,18,,,,,"Jim Fazio, Chi Chi Rodriguez",,,,,https://www.capeclubresort.com/,,41.5997,-70.5623,,,,FALSE
The Cape Club of Sharon,25 Tiot Street,Sharon,MA,2067,Greater Boston,private,18,,,,,"Geoffrey S. Cornish, Craig Schreiner",,,,,https://thecapeclubofsharon.com/,,42.1111,-71.1858,,,,FALSE
The Club at New Seabury,95 Shore Drive West,Mashpee,MA,2649,Cape Cod,private,36,,,,,William Mitchell,,,,,https://www.newseabury.com/web/pages/home,,41.6172,-70.4925,,,,FALSE
The Country Club,191 Clyde Street,Brookline,MA,2446,Greater Boston,private,27,,,,,"Willie Campbell, William S. Flynn",2022 U.S. Open,,,,https://www.tcc1882.org/Club/Scripts/Home/home.asp,,42.3433,-71.1228,,,,FALSE
The Course at Tree House,1880 Main Street,Tewksbury,MA,1876,North Shore,public,9,,,,,Frank Stasio,,,,,https://treehousebrew.com/visiting-tewksbury,https://teewire.app/treehouse/,42.6111,-71.2316,,,,FALSE
The Golf Club at Turner Hill,3 Manor House Lane,Ipswich,MA,1938,North Shore,private,18,,,,,Fry Hurdzan,,,,,https://www.turnerhill.com/,,42.6829,-70.8473,,,,FALSE
The Golf Club at Southport,23 Southport Drive,Mashpee,MA,2649,Cape Cod,private,9,,,,,Phil Wogan,,,,,https://www.southportcc.com/,,41.6172,-70.4925,,,,FALSE
The Haven Country Club,369 Cross Street,Boylston,MA,1505,Greater Worcester,private,18,,,,,William F. Mitchell,,,,,https://www.invitedclubs.com/clubs/the-haven-country-club,,42.354,-71.7174,,,,FALSE
The International,159 Ballville Road,Bolton,MA,1740,Greater Worcester,private,36,,,,,"Tom Fazio, Bill Coore, Ben Crenshaw",,,,,https://www.theinternational.com/,,42.4382,-71.6049,,,,FALSE
The Kittansett Club,11 Point Road,Marion,MA,2738,South Shore,private,18,,,,,"William Flynn, Frederic Hood",,,,,https://www.kittansett.org/,,41.7181,-70.7604,,,,FALSE
The Ledges Golf Club,18 Mulligan Drive,South Hadley,MA,1075,Greater Springfield,public,18,,,,,Howard Maurer,,,,,https://www.ledgesgc.com/,https://www.ledgesgc.com/tee-times/,42.2586,-72.5759,,,,FALSE
The Links at Mass Golf,300 W Main St,Norton,MA,2766,South Shore,public,18,,,,,,Tee times can be booked over the phone at 508-222-0555.,,,,https://www.linksatmassgolf.org/,,41.9559,-71.1779,,,,FALSE
The Links at Worthington,113 Ridge Road,Worthington,MA,1098,Berkshires,public,9,,,,,,,,,,https://worthingtongolfclub.com/,https://foreupsoftware.com/index.php/booking/19842/2691#/teetimes,42.3902,-72.9472,,,,FALSE
The Meadow at Peabody,80 Granite Street,Peabody,MA,1960,North Shore,public,18,,,,,Cornish Silva Mungeam,,,,,https://peabodymeadowgolf.com/,https://peabody.cps.golf/onlineresweb/search-teetime?TeeOffTimeMin=0&TeeOffTimeMax=23.999722222222225,42.5326,-70.9737,,,,FALSE
The Milton-Hoosic Club,70 Greenlodge Street,Canton,MA,2021,Greater Boston,private,9,,,,,Willie Park Jr,,,,,https://www.miltonhoosicclub.com/,,42.1827,-71.1221,,,,FALSE
The Ranch Golf Club,65 Sunnyside Road,Southwick,MA,1077,Greater Springfield,public,18,,,,,Damian Pascuzzo,,,,,https://www.theranchgolfclub.com/,,42.0499,-72.7722,,,,FALSE
The Ridge Club,70 Country Club Road,South Sandwich,MA,2563,Cape Cod,private,18,,,,,Robert Von Hagge,,,,,https://foreupsoftware.com/index.php/booking/21491/7962?_gl=1*1ip7a7b*_gcl_au*NTg1NTk0NzkzLjE3Nzk3NDM1NTg.*_ga*MjA3MDQ5MjUwNC4xNzc5NzQzNTU4*_ga_6427PNJG81*czE3Nzk3NDM1NTgkbzEkZzEkdDE3Nzk3NDM1NzMkajQ1JGwwJGgw&_ga=2.123153099.1360459519.1779743558-2070492504.1779743558#teetimes,,41.7196,-70.4779,,,,FALSE
The Stoneham Oaks Club,101R Montvale Ave,Stoneham,MA,2180,North Shore,public,9,,,,,,,,,,https://www.stonehamoaks.com/,https://stoneham-oaks-golf-course.book.teeitup.com/?course=13987&date=2026-05-25&max=999999,42.4731,-71.0971,,,,FALSE
The Woods of Westminster,90 Bean Porridge Hill Road,Westminster,MA,1473,Greater Worcester,public,18,,,,,Al Zikorus,Call for tee time 978-874-0500,,,,https://thewoodsofwestminster.com/,,42.5595,-71.9087,,,,FALSE
Thomas Memorial Golf & Country Club,29 Country Club Lane,Turners Falls,MA,1376,Greater Springfield,public,9,,,,,Walter Hatch,,,,,https://www.thomasmem.com/,https://foreupsoftware.com/index.php/booking/22549/11370#teetimes,42.5934,-72.54,,,,FALSE
Thomson Country Club,2 Mid Iron Drive,North Reading,MA,1864,North Shore,private,18,,,,,Geoffrey S. Cornish,,,,,https://www.thomsoncc.com/PUBLIC/WELCOME.ASPX,,42.5805,-71.087,,,,FALSE
Thorny Lea Golf Club,159 Torrey Street,Brockton,MA,2301,South Shore,private,18,,,,,"Wayne Stiles, John Van Kleek",,,,,https://www.thornyleagc.com/Club/Scripts/Home/home.asp,,42.0785,-71.0384,,,,FALSE
Touisset Country Club,221 Pearse Road,Swansea,MA,2777,South Shore,public,9,,,,,Raymond H. Brigham,,,,,https://www.touissetcc.com/,https://www.touissetcc.com/golf/book-a-tee-time,41.7532,-71.2342,,,,FALSE
TPC Boston,400 Arnold Palmer Blvd,Norton,MA,2766,South Shore,private,18,,,,,"Arnold Palmer, Gil Hanse",(508) 285-3200,,,,https://en.wikipedia.org/wiki/TPC_Boston,,41.9559,-71.1779,,,,FALSE
Trull Brook Golf Course,170 River Road,Tewksbury,MA,1876,North Shore,public,18,,,,,Geoffrey S. Cornish,,,,,https://trullbrook.com/,https://trullbrook.com/golf-course/,42.6111,-71.2316,,,,FALSE
Twin Hills Country Club,700 Wolf Swamp Road,Coventry,CT,1106,Greater Springfield,private,18,,,,,Al Zikorus,,,,,https://www.twinhillscc.com/,,42.0506,-72.5659,,,,FALSE
Unicorn Golf Club,460 William St,Stoneham,MA,2180,Greater Boston,public,9,,,,,Wayne Stiles,,,,,https://www.unicorngc.com/,https://unicorn-golf-course.book.teeitup.golf/?course=13988&date=2026-05-25&max=999999,42.4731,-71.0971,,,,FALSE
Vesper Country Club,185 Pawtucket Blvd,Tyngsboro,MA,1879,North Shore,private,18,,,,,"Donald Ross, Alexander H. Findlay",,,,,https://www.vespercc.com/,,42.6588,-71.433,,,,FALSE
Veterans Memorial Golf Course,1059 South Branch Parkway,Springfield,MA,1108,Greater Springfield,public,18,,,,,Geoffrey S. Cornish,,,,,https://vets-franconia-golf.com/,https://foreupsoftware.com/index.php/booking/22869/12166#teetimes,42.0811,-72.5578,,,,FALSE
Vineyard Golf Club,100 Clubhouse Lane,Edgartown,MA,2539,Cape Cod,private,18,,,,,"Donald Steel, Tom McKenzie, Gil Hanse",,,,,https://www.vineyardgolf.com/,,41.385,-70.5306,,,,FALSE
Wachusett Country Club,187 Prospect Street,West Boylston,MA,1583,Greater Worcester,public,18,,,,,Donald Ross,,,,,https://wachusettcc.com/,https://foreupsoftware.com/index.php/booking/20839#/login,42.3591,-71.7824,,,,FALSE
Wahconah Country Club,20 Orchard Road,Dalton,MA,1226,Berkshires,public,18,,,,,Wayne Stiles,,,,,https://wahconahcc.com/,https://wahconahcc.com/course/,42.4766,-73.1467,,,,FALSE
Walpole Country Club,233 Baker Street,Walpole,MA,2081,Greater Boston,private,18,,,,,Al Zikorus,,,,,https://www.walpolecc.com/,,42.1508,-71.259,,,,FALSE
Wampatuck Country Club,99 Pleasant Garden Road,Canton,MA,2021,Greater Boston,private,9,,,,,Geoffrey S. Cornish,,,,,https://www.wampatuck.com/,,42.1827,-71.1221,,,,FALSE
Waubeeka Golf Links,137 New Ashford Road,Williamstown,MA,1267,Berkshires,public,18,,,,,"Rowland Armacost, Mark Mungeam",,,,,https://waubeeka.com/,https://waubeeka.com/golf/,42.6423,-73.2526,,,,FALSE
Waverly Oaks Golf Club,444 Long Pond Road,Plymouth,MA,2360,South Shore,public,27,,,,,Brian Silva,,,,,https://www.waverlyoaksgc.com/,https://www.waverlyoaksgc.com/tee-times,41.8734,-70.6397,,,,FALSE
Wayland Country Club,121 Old Sudbury Road,Wayland,MA,1778,Greater Boston,public,18,,,,,William F. Mitchell,,,,,https://www.wayland-country-club.com/,https://foreupsoftware.com/index.php/booking/21030/6536#/teetimes,42.3612,-71.3629,,,,FALSE
Weathervane Golf Club,117 Clubhouse Drive,Weymouth,MA,2190,South Shore,public,9,,,,,Cornish Silva Mungeam Maurer,,,,,https://www.weathervanegolfclub.com/,https://golf.weathervanegolfclub.com/,42.165,-70.9502,,,,FALSE
Wedgewood Pines Country Club,215 Harvard Road,Stow,MA,1775,Greater Boston,private,18,,,,,Tom Devane,,,,,https://www.wedgewoodpines.com/,,42.4299,-71.5036,,,,FALSE
Wellesley Country Club,300 Wellesley Avenue,Wellesley,MA,2481,Greater Boston,private,18,,,,,Wayne Stiles,,,,,https://www.wellesleycc.com/,,42.3093,-71.2724,,,,FALSE
Wenham Country Club,94 Main Street,Wenham,MA,1984,North Shore,public,18,,,,,"Orrin Smith, William F. Mitchell",,,,,https://wenham.golf/,https://wenham.golf/,42.602,-70.8729,,,,FALSE
Wentworth Hills Golf Club,27 Bow Street,Plainville,MA,2762,South Shore,public,18,,,,,Howard Maurer,,,,,https://www.wentworthhillscountryclub.com/,https://wentworthhills.cps.golf/,42.0148,-71.3338,,,,FALSE
West Bridgewater Country Club,250 East Center St.,W. Bridgewater,MA,2379,South Shore,public,18,,,,,"Philip Wogan, George Sargent",,,,,https://www.westbridgewatercc.com/,https://apimanager-cc31.clubcaddie.com/webapi/view/dafdabab/slots?date=05%2F25%2F2026&player=1&ratetype=any&Interaction=6jornnb1b57jehnc9g9fcefdac,42.0175,-71.0235,,,,FALSE
Westborough Golf Club,121 W Main St,Westborough,MA,1581,Greater Worcester,public,9,,,,,Tom Bendelow,,,,,https://westboroughgolfclub.com/,https://westboroughgolfclub.com/rates/,42.2662,-71.6092,,,,FALSE
Westminster Golf Club,51 Ellis Road,Westminster,MA,1473,Greater Worcester,public,18,,,,,Manuel L. Francis,,,,,https://www.westminstergc.com/,https://westminster-golf-club-ma.book.teeitup.com/?course=14066&date=2026-05-25&max=999999,42.5595,-71.9087,,,,FALSE
Weston Golf Club,275 Meadowbrook Road,Weston,MA,2493,Greater Boston,private,18,,,,,Donald Ross,,,,,https://www.westongolfclub.com/,,42.3578,-71.2954,,,,FALSE
Westover Golf Course,181 South Street,Granby,MA,1033,Greater Springfield,public,18,,,,,Orrin E. Smith,,,,,https://www.westovergolfcourse.com/,https://westover-golf-course.book.teeitup.com/?course=5059&date=2026-05-25&max=999999,42.2579,-72.5057,,,,FALSE
Whaling City Golf Course,581 Hathaway Rd,New Bedford,MA,2740,South Shore,public,18,,,,,Donald Ross,,,,,https://whalingcitygolfcourse.com/,https://whalingcitygc.teesnap.net/,41.6322,-70.9406,,,,FALSE
White Cliffs Country Club,1 East Cliff Drive,Plymouth,MA,2360,South Shore,private,18,,,,,Karl V. Litten,,,,,https://www.whitecliffscc.com/,,41.8734,-70.6397,,,,FALSE
Whitinsville Golf Club,179 Fletcher St.,Whitinsville,MA,1588,Greater Worcester,private,9,,,,,Donald Ross,,,,,https://whitinsvillegolf.com/,,42.1257,-71.6641,,,,FALSE
Wianno Golf Club,389 Parker Road,Osterville,MA,2655,Cape Cod,private,18,,,,,Donald Ross,,,,,https://www.wiannoclub.com/,,41.6358,-70.3911,,,,FALSE
Widows Walk Golf Course,250 The Driftway,Scituate,MA,2066,South Shore,public,18,,,,,"Michael Hurdzan, Dana Fry",,,,,https://widowswalkgolf.com/,https://foreupsoftware.com/index.php/booking/20615/5120?_gl=1*1tp6ifz*_ga*OTk2NDkwMzU1LjE3Nzk3NDUwMDk.*_ga_WQPLP348DP*czE3Nzk3NDUwMDgkbzEkZzAkdDE3Nzk3NDUwMDgkajYwJGwwJGgw#/teetimes,42.2075,-70.7757,,,,FALSE
William J Devine Golf Course,1 Circuit Dr.,Dorchester,MA,2121,Greater Boston,public,18,,,,,Willie Campbell,,,,,https://cityofbostongolf.com/william-j-devine-golf-course/,https://williamjdevine.cps.golf/,42.3073,-71.0859,,,,FALSE
Willowbend,100 Willowbend Dr.,Mashpee,MA,2649,Cape Cod,private,27,,,,,Michael Hurdzan,,,,,https://willowbendcapecod.com/,,41.6172,-70.4925,,,,FALSE
Winchester Country Club,468 Mystic Street,Winchester,MA,1890,Greater Boston,private,18,,,,,Donald Ross,,,,,https://www.winchestercc.org/,,42.4499,-71.15,,,,FALSE
Winthrop Golf Club,453 Main Street,Winthrop,MA,2152,Greater Boston,private,9,,,,,"William F. Mitchell, Al Zikorus",,,,,https://winthropgolfclub.com/,,42.3678,-70.9755,,,,FALSE
Woburn Country Club,1 Country Club Road,Woburn,MA,1801,Greater Boston,public,9,,,,,,"Please call the Golf Shop to schedule a Tee Time (781) 933-9880",,,,https://www.woburncountryclub.com/index.html,,42.4895,-71.1589,,,,FALSE
Wollaston Golf Club,999 Randolph Avenue,Milton,MA,2186,Greater Boston,private,18,,,,,"George Fazio, Thomas Fazio, Wayne Stiles",,,,,https://www.wollastongc.org/,,42.2396,-71.0811,,,,FALSE
Woodland Golf Club,1897 Washington Street,Auburndale,MA,2466,Greater Boston,private,18,,,,,Donald Ross,,,,,https://www.woodlandgolfclub.com/,,42.3451,-71.2472,,,,FALSE
Woods Hole Golf Club,130 Quissett Ave,Woods Hole,MA,2543,Cape Cod,private,18,,,,,Wayne Stiles,,,,,https://www.woodsholegolfclub.com/,,41.5282,-70.6636,,,,FALSE
Worcester Country Club,2 Rice Street,Worcester,MA,1606,Greater Worcester,private,18,,,,,Donald Ross,,,,,https://www.worcestercc.org/,,42.3133,-71.7963,,,,FALSE
Wyantenuck Country Club,46 West Sheffield Road,Great Barrington,MA,1230,Berkshires,private,18,,,,,Charles Banks,,,,,https://www.wyantenuck.org/,,42.1712,-73.3303,,,,FALSE
Wyckoff Country Club,233 Easthampton Road,Holyoke,MA,1040,Greater Springfield,public,18,,,,,Donald Ross,,,,,https://wyckoffcountryclub.com/,https://wyckoffcountryclub.com/,42.2227,-72.6405,,,,FALSE
Wyndhurst Manor and Club,55 Lee Road,Lenox,MA,1240,Berkshires,public,18,,,,,"Wayne Stiles, John Van Kleek",,,,,https://wyndhurstgolfandclub.com/,https://wyndhurstclub.berkshires.miravalresorts.com/?_ga=2.222102616.1182089653.1779745728-1693705239.1779745728#/golfBooking/location/502/001/2026-05-26,42.3665,-73.2711,,,,FALSE
